,subjects,elecs,s_Mai_RL,0_theta_AUC,1_alpha_AUC,2_beta_AUC,3_gamma_AUC,0_theta_Pow0,1_alpha_Pow0,2_beta_Pow0,3_gamma_Pow0,0_theta_Pow1,1_alpha_Pow1,2_beta_Pow1,3_gamma_Pow1,sig_1levtheta,sig_1levalpha,sig_1levbeta,sig_1levgamma,region,2lev_sig_theta,2lev_sig_alpha,2lev_sig_beta,2lev_sig_gamma
0,S0,0,SFG,0.7283333333333333,0.64,0.6083333333333332,0.8916666666666666,33.29735090358028,24.970347770354646,43.14449709471772,9.63198599093102,51.77751302555691,32.712559214219716,35.91882864446749,11.688690044093926,1,0,0,1,Frontal,0,0,0,1
1,S0,1,SFG,0.6733333333333332,0.62,0.7683333333333333,0.8133333333333332,16.520675719020847,7.331378421826495,13.051704343192661,3.686799548935376,29.16903000158641,11.882367117859216,16.268319147788716,4.4322553023319005,1,0,1,1,Frontal,0,0,0,0
2,S0,2,SFG,0.8249999999999998,0.825,0.6583333333333334,0.945,3.8818432120212285,3.249748233778599,4.136329874515814,2.0946310371429275,13.725944460066236,5.071186536678937,5.2295792320946335,1.5886691825536374,1,1,0,1,Frontal,0,1,0,0
3,S0,3,SFG,0.7816666666666666,0.8183333333333334,0.6316666666666667,0.91,36.10672680843057,17.05713307150008,19.3501295901909,4.825352785266797,19.894873430047788,10.490933577560453,26.704612970876788,5.956561027326052,1,1,0,1,Frontal,0,0,0,0
4,S0,4,SFG,0.6650000000000001,0.4966666666666667,0.945,0.9266666666666664,221.09640171620853,24.75002879927649,22.355058753279394,9.071527003447596,90.52756901768484,27.695661012859482,34.56129502208921,11.788592503270335,0,0,1,1,Frontal,0,0,0,0
5,S0,5,SFG,0.8899999999999999,0.8666666666666666,0.8783333333333333,0.96,2.89358801706476,1.3144360899034482,1.3278432009627843,0.6155891381297197,7.832263565271237,2.3192744959102827,2.014036012674234,1.0124817626450449,1,1,1,1,Frontal,0,1,0,0
6,S0,6,SFG,0.7200000000000001,0.7,0.9633333333333332,0.8649999999999999,3.9721685787984655,1.4694575777633616,2.1202277074750637,0.8939692633780151,8.298882040020063,2.3579649786340786,3.9586146971889855,1.509365606305742,1,1,1,1,Frontal,0,0,0,0
7,S0,7,SFG,0.7533333333333333,0.7549999999999999,0.62,0.8216666666666667,8.040106556926885,2.728460482221143,6.5836681641182295,1.3360517511646226,15.711740814903012,5.426805125076329,8.20954436969544,1.988854129716341,1,1,0,1,Frontal,0,0,0,0
8,S0,8,SFG,0.8716666666666667,0.68,0.7516666666666667,0.8816666666666666,7.137826686803131,4.186962315657537,12.17856088620469,1.1953402376641675,18.46087158083507,8.799371915316312,9.1382079173173,1.4755319609539383,1,1,1,1,Frontal,0,0,0,0
9,S0,9,SFG,0.6666666666666666,0.7649999999999999,0.7066666666666666,0.915,32.13486119503944,8.44413937016239,29.42466467962381,2.718923948533854,14.367797909553644,16.035632366967654,22.73559934098852,3.7715277450017406,0,1,1,1,Frontal,0,0,0,0
10,S0,10,SFG,0.8933333333333332,0.7566666666666666,0.7166666666666667,0.8983333333333334,20.83492199012822,13.979152218450455,39.99642131940349,6.075253337271694,56.58765491179775,28.011999681782733,54.67081059871494,7.604850148933933,1,1,1,1,Frontal,0,0,1,0
11,S0,11,SFG,0.4966666666666667,0.7116666666666667,0.6683333333333332,0.7983333333333331,52.446501573736256,22.43900066477818,49.52799713760525,10.438156796122973,58.13889632805797,35.57413902805789,61.02918919002983,14.03291861764759,0,1,1,1,Frontal,0,1,0,0
12,S0,12,SFG,0.94,0.8416666666666666,0.6316666666666666,0.6916666666666667,312.05056211615437,143.51813037535166,213.52534819366383,25.956585823076182,1120.3565738254042,221.89211722135897,298.5995371654086,31.487958625708604,1,1,0,1,Frontal,1,0,0,1
13,S0,13,SFG,0.8533333333333332,0.785,0.8433333333333334,0.8299999999999998,4.715863153918165,1.822921987509794,3.2995548905531344,1.191282924869441,10.650834624161083,3.936083718074842,4.832638958896354,1.0858768887285777,1,1,1,1,Frontal,0,0,1,0
14,S0,14,ACC,0.5916666666666666,0.6183333333333334,0.7749999999999999,0.8299999999999998,24.891318795656627,22.616123446739078,18.83141164110045,3.912036125522876,38.01323631545653,15.693414542052185,27.017858682444988,5.188260936333034,0,0,1,1,Frontal,0,0,0,0
15,S0,15,ACC,0.8533333333333333,0.57,0.5866666666666667,0.7733333333333332,286.1113586545145,53.6182429012733,81.8867928845228,12.78880052413077,575.1338017654062,79.61025196658345,104.24055843127705,14.871199222383547,1,0,0,1,Frontal,0,0,0,1
16,S0,16,SFG,0.7333333333333334,0.5833333333333333,0.8699999999999999,0.9666666666666666,331.1239903170081,66.62450358088547,75.26132028227312,7.393391751937437,533.890583239164,95.99277451132276,101.34330621885701,11.040962394588153,1,0,1,1,Frontal,0,0,1,0
17,S0,17,SFG,0.58,0.7066666666666667,0.6216666666666666,1.0,17.255359600547777,13.113907060804458,9.829118433057193,1.7306144620113375,27.453092080165714,9.025695551495991,13.006143985890903,2.406906123053525,0,1,0,1,Frontal,0,1,0,0
18,S0,18,SFG,0.7966666666666666,0.655,0.6266666666666666,0.94,6.098448002374476,2.838653492731403,3.2648342612885624,0.7260762364806741,11.594179137601031,5.604423911438255,4.496484925116771,1.024881055023761,1,0,0,1,Frontal,0,0,0,0
19,S0,19,SFG,0.5016666666666667,0.71,0.5466666666666666,0.8866666666666667,7.0225648028268575,2.174172813872824,4.038898547735852,0.6962213075856661,9.310936216913957,3.7658114966758376,4.868905374997321,0.8980322890992786,0,1,0,1,Frontal,0,0,0,0
20,S0,20,SFG,0.8599999999999998,0.52,0.6366666666666666,0.8249999999999998,5.7031410613835645,5.33353420749756,6.8756904113620125,1.1625284699450975,12.389257334666151,4.579504069756403,9.425517631218293,1.5645305192548191,1,0,0,1,Frontal,1,0,0,0
21,S0,21,SFG,0.9316666666666666,0.8616666666666666,0.6449999999999999,0.6216666666666667,92.09535801109443,41.59110997303935,111.88988533055321,13.037057677861887,276.85405729148965,83.96917282183334,93.20825542705299,10.91989392882713,1,1,0,0,Frontal,0,1,0,0
22,S0,22,SFG,0.9933333333333334,0.7416666666666666,0.72,0.8566666666666667,83.90844530749436,28.735349335705408,42.69978510806367,8.456217556609507,325.98284012151294,47.43416143578791,53.486112851044226,10.815873884818142,1,1,1,1,Frontal,0,0,1,0
23,S0,23,SFG,0.905,0.7483333333333333,0.6583333333333332,1.0,14.852980725522757,8.536221886200714,15.684274545118232,2.863935169500609,41.10965708683987,15.606144585839452,21.892145137271207,3.8959539866337214,1,1,0,1,Frontal,0,0,0,0
24,S0,24,SFG,0.8516666666666666,0.7633333333333333,0.7449999999999999,0.8733333333333333,27.348001120359555,7.200593692276947,9.646809013329207,1.7416259207532614,80.32685266456505,14.905151684505727,12.985819848546095,2.324745838170123,1,1,1,1,Frontal,0,0,1,0
25,S0,25,ACC,0.975,0.75,0.7816666666666666,0.8666666666666666,226.75037720905,183.48202359244576,84.29037919332788,12.268891210458227,714.1668459191292,111.7103904467654,110.62664919406193,16.918357571110896,1,1,1,1,Frontal,0,0,0,0
26,S0,26,ACC,0.8566666666666667,0.6916666666666668,0.8033333333333331,0.9666666666666666,49.070294999125785,22.434202430636525,40.54615965608977,7.402598343132879,123.84221204730444,37.60509450491917,54.58619713844824,11.215335477001997,1,1,1,1,Frontal,0,0,0,0
27,S0,27,ACC,0.5833333333333333,0.91,0.7833333333333334,1.0,334.2298859507905,39.160558612531325,54.5319118374533,9.557865818733305,203.0033215049561,65.85151284212066,79.7278412683024,13.570148465247483,0,1,1,1,Frontal,0,0,0,0
28,S0,28,SFG,0.5366666666666667,0.7183333333333333,0.6483333333333332,1.0,370.3892801458698,50.958214398028424,85.76203963513574,12.20143829142194,559.7349683484605,76.3930004597269,108.45547894303112,19.46453835516956,0,1,0,1,Frontal,0,1,0,0
29,S0,29,SFG,0.685,0.5799999999999998,0.73,1.0,38.83305103174658,27.002525483334498,39.79556624490201,6.702575809029727,71.26854275478374,38.35725197602827,48.76798606193214,9.485839363029543,1,0,1,1,Frontal,0,0,0,0
30,S0,30,SFG,0.7116666666666667,0.7383333333333334,0.8150000000000001,0.825,6.17816931119053,3.3936427199736525,7.038019550735892,2.244837348248204,13.796648473468752,5.252539474055771,8.73821041049141,6.190386280225817,1,1,1,1,Frontal,0,1,0,0
31,S0,31,SFG,0.8566666666666667,0.5033333333333333,0.9666666666666666,0.9333333333333332,7.549899252011301,7.02955645507202,10.92051704370381,1.7924741609274684,16.009292410021725,9.584714208118351,16.36340135399122,2.48192089569345,1,0,1,1,Frontal,0,0,1,0
32,S0,32,SFG,0.9933333333333334,0.885,0.9066666666666666,0.9666666666666666,9.833291235472313,7.148914710868317,12.542657505582342,2.083260616439852,24.84838073670541,10.92976427928275,19.46927616474534,2.7030860442793943,1,1,1,1,Frontal,1,0,1,0
33,S0,33,SFG,0.5816666666666667,0.8916666666666666,0.7133333333333334,0.95,60.396909558567046,12.501005113305874,21.28847594099905,3.4181361133576726,40.35526576423471,21.29296051107314,31.355894483351694,4.557140627015631,0,1,1,1,Frontal,0,0,0,0
34,S0,34,SFG,0.7066666666666667,0.7633333333333333,0.8016666666666665,0.7283333333333333,130.47795008543054,64.59563144836731,115.48031072743751,14.407890205499573,239.6919740964276,107.87150231991943,170.16264129784378,16.47162358578172,1,1,1,1,Frontal,0,0,1,0
35,S0,35,SFG,0.6566666666666667,0.7316666666666667,0.5,0.9066666666666668,133.9300098916256,31.499890024066385,76.41605193031772,10.315713701867773,90.98889247869788,52.49823351014265,76.85514443079236,20.961150368296767,0,1,0,1,Frontal,0,0,0,0
36,S0,36,SFG,0.6583333333333333,0.8516666666666666,0.7033333333333334,0.93,253.65303165269302,67.73523683322739,167.69141795367412,14.897325772544045,163.62823284925508,126.53862995082235,225.72568389058125,27.794367779745695,0,1,1,1,Frontal,0,0,0,0
37,S0,37,SFG,0.8383333333333333,0.7283333333333333,0.6833333333333332,0.6866666666666666,64.55506175851956,43.93881960379935,33.275231751304986,6.3939101264924405,120.24633991831999,30.192739902215987,42.594535138016326,7.612148755960113,1,1,1,1,Frontal,0,0,0,0
38,S0,38,MFG,0.74,0.6,0.6049999999999999,0.8016666666666667,237.17920827917908,97.6943606343298,707.1518559424971,35.7075828525761,689.2141907943013,174.30824370660838,346.7886961258183,48.77766538870701,1,0,0,1,Frontal,0,0,0,0
39,S0,39,MFG,0.6799999999999999,0.8816666666666666,0.615,0.8550000000000001,78.03429307654022,9.428480716645431,12.677082171081965,3.86999950261424,53.09730387483017,14.932581669873786,26.67834695819743,5.1423601538915715,1,1,0,1,Frontal,0,0,0,0
40,S0,40,MFG,0.6583333333333332,0.7683333333333333,0.5733333333333333,0.9716666666666668,13.793019290679196,6.656951587744744,14.75427686254591,1.9478183877100017,24.75441013917129,11.837680559157127,10.671831884292002,2.8285558529540347,0,1,0,1,Frontal,0,0,0,0
41,S0,41,MFG,0.775,0.7649999999999999,0.6966666666666665,0.8666666666666666,3.837412821272835,2.286536575667897,3.7772646899384643,0.6845670536098103,7.306696565340975,4.380286836880378,4.9756903748773365,0.9151573357370524,1,1,1,1,Frontal,1,0,0,0
42,S0,42,MFG,0.6333333333333334,0.9349999999999998,0.8116666666666668,1.0,5.031929239952318,3.136623046975496,7.772599330536418,1.4094508919408646,10.644617919111614,7.9179133087199105,11.358856762407761,2.0981725424919944,0,1,1,1,Frontal,0,0,0,0
43,S0,43,MFG,0.7099999999999999,0.6833333333333333,0.6366666666666665,1.0,22.42744651395368,9.274147067005053,35.00362799282794,5.333606229457177,39.60222951559896,14.767859048958194,26.122498364506164,7.585684863994388,1,1,0,1,Frontal,0,1,0,0
44,S0,44,MFG,0.8666666666666666,0.7166666666666667,0.575,0.9516666666666664,89.89282991794381,17.134290737368588,44.26320786036455,9.41761486673357,51.39233251614335,32.170605136020605,52.67297012872247,11.428122464844995,1,1,0,1,Frontal,0,0,0,0
45,S0,45,MFG,0.6383333333333334,0.8516666666666666,0.7466666666666667,0.6883333333333332,79.69439193008942,16.488750313875325,42.50426289390811,11.378567959976184,58.4918693462681,33.6822442648181,55.064296601871405,14.606785898451884,0,1,1,1,Frontal,0,0,0,0
46,S0,46,MFG,0.675,0.745,0.6233333333333333,0.8066666666666666,605.0971568363385,122.97398899075142,212.6727295919061,26.056712468828398,341.3216677014315,230.26251469986119,345.47963241236914,36.557831171500546,1,1,0,1,Frontal,0,0,0,1
47,S0,47,MFG,0.8683333333333334,0.66,0.7716666666666667,0.95,9.420860393914666,3.7062709804756815,5.377469287868234,1.5056519300796571,18.48453837480613,5.557774070387007,10.087254718675565,2.594139298480893,1,0,1,1,Frontal,0,0,0,0
48,S0,48,SFG,0.8466666666666665,0.8633333333333333,0.8716666666666665,0.9666666666666666,2.857711254636668,2.103089752453601,4.073419360921375,1.2587804285710589,5.513778453198434,4.530121255421182,6.4991585480910326,2.16878949380382,1,1,1,1,Frontal,0,0,1,0
49,S0,49,SFG,0.8133333333333332,0.6416666666666666,0.6599999999999999,1.0,34.558843018484346,70.87537685820625,103.91112619349998,11.314166588524921,63.261134259107074,52.19308950757323,80.72258769494776,17.605415345219306,1,0,0,1,Frontal,0,0,0,0
50,S0,50,SFG,0.6300000000000001,0.6783333333333333,0.72,0.9333333333333332,28.8513287817939,33.99437775165028,78.56253914364238,15.347992320643804,52.585677810881634,74.27456594809352,105.10673075826165,24.22587567877923,0,1,1,1,Frontal,0,0,1,0
51,S0,51,SFG,0.7050000000000001,0.515,0.5166666666666666,0.9133333333333332,36.00799500201128,41.94788142516797,89.49312080705955,7.871480717273692,77.30353013109925,35.362925234204454,78.87966481321494,11.820609310386605,1,0,0,1,Frontal,0,0,0,0
52,S0,52,SFG,0.7816666666666666,0.7799999999999999,0.9066666666666666,0.8316666666666667,25.860666190623693,29.302049580705155,52.06692036634711,9.556414917715623,49.71315638718133,50.868545246482384,81.056609534374,12.327060029316184,1,1,1,1,Frontal,0,1,0,0
53,S0,53,SFG,0.6700000000000002,0.7416666666666667,1.0,0.7899999999999999,184.1978243819861,205.79617260014075,227.29130742261108,22.58443892105009,304.93510971832734,391.8863166963305,332.26482001025687,30.950493094577087,1,1,1,1,Frontal,0,1,0,0
54,S0,54,SFG,0.7833333333333332,0.6583333333333333,0.985,0.835,94.39140532489522,120.67126455368772,138.84251424703265,13.093724096914238,270.45675544422437,198.5888112151033,229.50525969069938,18.470940627029073,1,0,1,1,Frontal,0,0,0,0
55,S0,55,SFG,0.775,0.7583333333333333,0.9766666666666666,0.7583333333333333,64.63311623371621,139.55090667047418,60.03045935866953,7.765873961047652,140.42979588308708,75.45779253647126,109.98813335029823,10.95062785043643,1,1,1,1,Frontal,0,0,0,0
56,S0,56,MFG,0.74,0.8499999999999999,0.7933333333333332,0.9966666666666668,6.751258309322767,3.7192795361284574,9.634688242800452,1.4073295128412473,11.477209588912947,6.89234014142344,12.706813284789574,2.3903514752262307,1,1,1,1,Frontal,0,1,0,0
57,S0,57,MFG,0.6449999999999999,0.6583333333333332,0.73,0.9016666666666666,13.368466417176876,4.340978289967975,8.857771978946056,1.3602445616406964,9.688763324689887,6.017817123562013,11.389303125286933,1.6534494595386109,0,0,1,1,Frontal,0,0,0,0
58,S1,0,Amg,0.8533333333333333,0.8925000000000001,0.8641666666666665,0.9383333333333332,119.51890666206104,60.13000744360676,46.89330294504477,7.157370742635488,63.862600959870356,14.898306339691231,22.36153513607902,4.922607213554727,1,1,1,1,Olf,0,0,0,1
59,S1,1,Amg,0.7508333333333334,0.8983333333333332,0.9083333333333332,0.9716666666666668,72.38017892336738,22.76884667885702,16.833658040387114,6.577123461900742,46.62897132989403,8.853325549985778,10.301643589893512,3.2944238723423505,1,1,1,1,Olf,0,0,1,1
60,S1,5,HC,0.8225,0.8150000000000001,0.8266666666666665,0.8225,1480.6583967076936,305.385886317087,226.02415169935398,13.612566202363768,574.7043717604597,176.766220944521,65.68054648837793,6.84528724055521,1,1,1,1,MTL,0,1,1,1
61,S1,6,HC,0.8375,0.8841666666666669,0.8166666666666667,0.8191666666666666,607.7851931175065,259.85622421550215,408.7631887050557,10.368522292531708,250.49998612019007,75.17863544492829,67.49788196395848,3.547235066711544,1,1,1,1,MTL,1,0,0,1
62,S1,7,HC,0.805,0.8408333333333333,0.7975000000000001,0.8566666666666667,198.53839929568556,117.67276595941809,110.42523813224646,2.554821872337683,97.40717004213093,34.39223451628137,15.325894024562347,1.138603166765621,1,1,1,1,MTL,0,1,1,1
63,S1,8,HC,0.8408333333333333,0.835,0.8333333333333334,0.8,254.74027422867547,37.81313695756217,33.28564686953145,3.0266880410477763,118.60186821955324,20.889861730522547,13.063164741148205,4.091010788073616,1,1,1,1,MTL,0,0,0,0
64,S1,9,HC,0.8233333333333333,0.8641666666666667,0.8850000000000001,0.6491666666666667,329.46732617397737,47.69810281113574,19.903503970889425,1.97080471796606,162.54202001204285,21.258781454559728,10.079894633718613,2.2488945349127603,1,1,1,0,MTL,1,0,0,0
65,S1,14,HC,0.78,0.6325000000000001,0.6099999999999999,0.6241666666666668,883.4702272336423,102.90503639799454,53.92668006329274,7.191559877764451,360.7166743352732,231.09981400985527,201.4319211794245,15.884866387514816,1,0,0,0,MTL,1,0,0,0
66,S1,15,HC,0.7133333333333334,0.6966666666666667,0.6583333333333333,0.885,472.01472953421614,311.15260232643845,55.631526112672475,9.47019721253905,313.6927580733674,135.17889388384927,107.93402520701832,13.110887170654635,1,1,0,1,MTL,0,0,0,0
67,S1,16,HC,0.7274999999999999,0.6116666666666666,0.6325,0.8324999999999999,1984.1840157588351,531.302983029017,82.953458206572,10.766820211502866,520.7157322016677,285.7599991708818,108.46913059716918,15.795352649554314,1,0,0,1,MTL,0,0,0,0
68,S1,17,HC,0.7633333333333334,0.7350000000000001,0.7783333333333333,0.8158333333333333,248.86818795485772,77.04667971451507,8.556194401578692,2.1148644212336203,76.29500286946325,19.455326580206293,12.175993296285965,3.045440252674555,1,1,1,1,MTL,0,0,0,0
69,S1,18,HC,0.6983333333333334,0.65,0.7658333333333334,0.7841666666666666,67.75826703969294,23.55099579588992,3.318441720850416,0.7181519565573549,27.00890252290082,10.836196408163275,4.5719250146752985,0.8341471756607468,1,0,1,1,MTL,0,0,0,0
70,S1,20,PHG,0.8424999999999999,0.7808333333333334,0.8758333333333332,0.7841666666666668,414.060721707116,113.5720124533294,86.54433888248332,6.834057412974068,176.46863102460128,62.9368890353284,30.332841626164498,4.385517194818282,1,1,1,1,MTL,0,0,1,1
71,S1,21,PHG,0.6358333333333333,0.8758333333333332,0.8525,0.8591666666666666,877.6372068398973,301.28403755724105,149.4747466104354,9.147110395300393,1072.8923969848054,119.53749055004049,58.61458986048905,5.461894960410596,0,1,1,1,MTL,0,0,0,1
72,S1,22,PHG,0.7150000000000001,0.61,0.7825,0.8375,1493.1206297120361,188.01563563395192,100.86574221453749,7.084156571006299,684.8101365975099,141.2268095619814,59.656796562406385,5.624505883172287,1,0,1,1,MTL,0,0,0,0
73,S1,30,PHG,0.6900000000000001,0.6075,0.7291666666666666,0.6283333333333333,17617.751384601186,2934.8047845676965,597.7128839847492,103.42869286694349,3433.35749931034,854.9088195003931,337.6642597917522,69.71835031126402,0,0,1,0,MTL,0,0,0,0
74,S1,31,PHG,0.6758333333333333,0.6683333333333333,0.7700000000000002,0.77,10203.687207282923,1293.5868930346858,1131.2794744061555,101.26312274858392,2870.627780868217,735.3674521731474,472.05857923918296,123.09752037167016,0,0,1,1,MTL,0,0,0,1
75,S1,32,PHG,0.8091666666666667,0.6691666666666667,0.7783333333333334,0.6983333333333334,999.0209151886996,360.63952021621714,150.4508379708925,11.029677189393187,453.83194706021516,171.1192473224251,84.83811789931147,13.052742751334446,1,0,1,1,MTL,0,0,0,0
76,S1,33,PHG,0.7691666666666667,0.6391666666666667,0.685,0.93,1022.9179158354443,768.9351423659504,194.6984938541319,13.335307065076213,651.5207082128951,503.6203346902816,155.0218961628561,19.611477142897012,1,0,0,1,MTL,0,0,0,0
77,S1,40,HC,0.7975,0.8683333333333334,0.885,0.8358333333333332,65.67540115539518,13.160173397548597,4.316129558045904,0.9870150437236382,28.54990798259597,5.407577716927885,2.183947413017116,1.3992725810679636,1,1,1,1,MTL,0,0,0,0
78,S1,41,HC,0.845,0.8766666666666666,0.745,0.8216666666666665,68.25807344668767,10.1584869763297,3.646037076535238,1.07958615923846,20.373433950173613,4.425025426901988,2.2144928789995624,1.5611182882768324,1,1,1,1,MTL,0,0,0,0
79,S1,47,Ins,0.8941666666666667,0.8266666666666668,0.8474999999999999,0.8041666666666666,668.2101100004497,190.64514956288068,211.63610387098754,7.629273047195537,253.0513907411772,50.380751241767655,51.13507679289588,3.8739552435891538,1,1,1,1,Olf,0,0,0,0
80,S1,48,Ins,0.8891666666666669,0.8566666666666668,0.905,0.8425,733.9566833036866,150.25697199156818,291.06064175264333,11.223696161279928,319.39366916243955,47.09108425031115,76.94265435405893,7.6198317234371915,1,1,1,1,Olf,0,0,0,1
81,S1,49,Ins,0.8741666666666668,0.8366666666666667,0.8641666666666667,0.8299999999999998,6767.4880161595875,2120.9108750054475,2020.2190011996568,50.74807736495413,2250.595005138241,322.84162616782675,338.4439457832322,13.273683130663107,1,1,1,1,Olf,0,0,0,0
82,S1,51,pPirT,0.7883333333333334,0.9066666666666668,0.8741666666666668,0.8916666666666668,140.25702687023738,30.75469696157739,27.207471676062077,1.7472555418814066,54.22356672823222,8.186340984652299,6.819548343187753,0.965129341651615,1,1,1,1,Olf,0,0,0,1
83,S1,56,pPirT,0.805,0.8341666666666668,0.6675,0.8366666666666667,1179.050312257811,181.9071050099628,71.4715810691572,5.422411712392746,720.2931703762364,94.93442624440992,39.03240400898292,6.8502893654359545,1,1,0,1,Olf,0,0,0,0
84,S1,57,pPirT,0.5033333333333333,0.6141666666666666,0.6700000000000002,0.9016666666666668,154.34813483749338,30.917363592086808,16.497692190167793,1.9534528564557392,180.05750494318696,44.896791147880926,22.56481624740345,2.754524909654604,0,0,0,1,Olf,0,0,0,0
85,S1,58,pPirT,0.7666666666666667,0.745,0.8008333333333333,0.7691666666666667,120.21252744971376,21.964610428722374,7.093424607343825,1.0353688576346365,65.68018710623787,31.054120934876146,10.813359035421367,1.418694106096924,1,1,1,1,Olf,0,0,0,0
86,S1,59,PHG,0.7883333333333333,0.775,0.6249999999999999,0.695,1155.172419522866,404.3997926446154,152.23052352484103,18.797296189046246,595.0262556914689,275.83622911465943,133.8898878964516,17.44559655044597,1,1,0,1,MTL,0,0,0,0
87,S1,60,PHG,0.7199999999999999,0.8241666666666667,0.7358333333333333,0.705,380.7260796933323,247.27934784747845,105.18247017003685,11.948658484896065,606.78265345351,111.38893945095171,80.26812932210937,10.673284421101034,1,1,1,1,MTL,0,0,0,0
88,S1,61,PHG,0.6933333333333334,0.8158333333333333,0.865,0.7300000000000001,1286.9289164904276,729.556977649602,258.6079743827023,7.177362574924638,899.2138111399578,324.611670316358,133.93177392009355,8.136604737718216,1,1,1,1,MTL,0,0,0,0
89,S1,62,PHG,0.7358333333333333,0.795,0.7616666666666667,0.7975000000000001,1139.0595455262664,208.46953823194355,132.4055702104684,7.9230727950185855,1696.4947028446622,120.55586191582458,48.09092360237706,5.097769198573936,1,1,1,1,MTL,1,1,0,1
90,S1,63,PHG,0.7783333333333333,0.78,0.7658333333333334,0.8525,92.28173638539783,23.925427556301894,16.391129348662545,1.0036901777812588,174.60207552557694,12.505990730961573,4.743579328254945,1.464553580068462,1,1,1,1,MTL,0,0,0,0
91,S1,69,OFC,0.9033333333333337,0.8691666666666666,0.7733333333333334,0.8166666666666667,530.3321755689765,288.820309261364,97.66247120489862,6.585858553739989,109.52859551170376,62.76594678922272,25.839834975540448,12.62225324143171,1,1,1,1,Olf,0,0,0,0
92,S1,70,OFC,0.8633333333333333,0.8091666666666667,0.8341666666666665,0.78,2693.022813499724,494.3618188041457,206.4432461464001,19200.035880230243,914.3509347739232,145.89184586109303,130.72705027569864,51669.33286348632,1,1,1,1,Olf,0,0,0,0
93,S1,71,OFC,0.8374999999999998,0.8041666666666666,0.9075,0.7925,1274.025684989063,235.6031212876861,171.93802766905404,19254.10710272882,605.7182699558282,109.11908543288787,114.02744121920672,52188.237213492335,1,1,1,1,Olf,0,0,1,0
94,S1,72,OFC,0.7983333333333335,0.8408333333333333,0.7491666666666668,0.805,807.1858920750032,274.95268846165317,49.922681084840185,2.6810083557558544,127.79430977749466,42.35208174398732,27.484568155866928,4.257659903617829,1,1,1,1,Olf,0,0,0,1
95,S1,73,OFC,0.8508333333333333,0.8641666666666667,0.6858333333333333,0.8816666666666666,582.9111857540076,173.04814487206482,100.02380360263632,4.460170392055468,203.17369126611007,46.9380094285667,67.56838727548487,6.388985178929969,1,1,0,1,Olf,0,0,0,0
96,S1,74,OFC,0.8616666666666667,0.7466666666666666,0.8083333333333332,0.9066666666666666,563.3980985271608,360.3169542703469,129.8368349093686,7.3714159359539675,125.96795739691221,167.6246352215463,80.23045396575405,10.637568924334603,1,1,1,1,Olf,0,0,0,1
97,S1,75,IFG,0.7358333333333335,0.8466666666666667,0.9516666666666668,0.8724999999999999,6550.054777454523,1012.1346392715272,536.3109432630266,9.403255811565923,3721.327974491121,328.319255396912,236.32342237631423,14.749980801482911,1,1,1,1,Frontal,0,0,0,1
98,S1,76,IFG,0.8183333333333334,0.89,0.9466666666666668,0.7966666666666667,5906.112577458721,1995.628821111837,539.3606653912135,15.767060563960063,1108.8782922631776,253.4442190977164,144.6048076051164,11.372721765873086,1,1,1,1,Frontal,0,0,0,1
99,S1,77,IFG,0.7925000000000001,0.8258333333333334,0.8175000000000001,0.7550000000000001,3851.497684323254,986.9630183274833,262.1907585927816,9.717766925709256,802.5046047108783,278.48946467183447,156.59541477811544,6.942984577355821,1,1,1,1,Frontal,0,0,0,0
100,S1,78,IFG,0.8833333333333334,0.7975000000000001,0.845,0.7758333333333335,757.8240899312692,542.0359981318613,440.1819462746521,11.006136228556123,174.5551901249641,193.70137047440886,117.70646488293603,5.733204718858873,1,1,1,1,Frontal,0,1,0,0
101,S1,79,Ins,0.9025,0.8550000000000001,0.935,0.785,239.9618824488149,63.27629930782773,39.39443141720008,4.0389381565241385,69.1348833951668,16.524468230841087,15.032834447055226,3.2487118349567337,1,1,1,1,Olf,0,0,0,1
102,S1,80,Ins,0.9433333333333332,0.775,0.9108333333333334,0.8816666666666666,283.9494672736511,93.54570732479904,34.339443809555114,5.492508429256966,90.97015597845993,45.70312159331785,17.984749699902533,2.9291267056536663,1,1,1,1,Olf,1,1,1,0
103,S1,81,Ins,0.8383333333333333,0.9041666666666668,0.8550000000000001,0.9475,2196.9611482921814,395.25561730510873,130.43573181810294,8.435102741125615,779.5559830740973,84.46657804515158,33.46821164231268,4.292893310322393,1,1,1,1,Olf,0,0,0,0
104,S2,0,Amg-PirT,0.7097380952380952,0.5128095238095238,0.6912857142857143,0.5685476190476191,29.805255084015965,10.68496910449092,12.387759480981765,2.926806872745176,19.96646192428685,12.355817461452231,15.574267304447265,3.1382359536987834,1,0,1,0,Olf,0,0,0,0
105,S2,1,Ins,0.5580714285714287,0.6050714285714285,0.6420476190476192,0.5557380952380953,71.24288021417192,13.532120267955055,29.692701940987874,3.6024127861183954,51.194894499011895,16.569200939627656,37.77565527446401,3.908566154781093,0,1,1,0,Olf,0,1,1,0
106,S2,2,Ins,0.5362380952380953,0.6758571428571429,0.6374047619047619,0.7270000000000001,420.77502611393294,80.42479654396291,90.92491690131165,7.950974094062163,275.19686079188773,50.36982391013002,115.41394425106569,10.002547802855485,0,1,1,1,Olf,0,0,1,1
107,S2,7,HC,0.6391190476190476,0.5920000000000001,0.5482619047619048,0.5025000000000001,19.75085520548821,3.6611052151134884,6.304116508895253,1.9885349463750912,30.36295985144813,4.492675690697356,7.308369742994348,1.96940994468118,1,0,0,0,MTL,1,0,0,0
108,S2,8,HC,0.7188333333333333,0.6040714285714286,0.7251904761904762,0.5702142857142858,173.40641669962716,38.49705480480436,55.92683385193594,4.648350441398322,294.2450040628117,50.492146086400005,87.87997173025862,5.113358939422938,1,1,1,0,MTL,0,1,1,0
109,S2,9,HC,0.5908095238095239,0.6066666666666667,0.6074047619047621,0.5065000000000001,14.516511520460243,4.171960531157674,7.753285272020396,1.2797497860823757,20.020593911216267,3.1406023185036087,6.0682109176638095,1.325224712170265,0,1,1,0,MTL,0,1,1,0
110,S2,13,HC,0.5010714285714286,0.678047619047619,0.730547619047619,0.5667857142857142,293.8426368803007,90.58289666044027,145.64021062311488,14.961943559523773,198.18483243280468,135.84293773991718,88.44188825354891,13.591612152061312,0,1,1,0,MTL,0,1,1,0
111,S2,14,HC,0.7034523809523809,0.7529285714285715,0.5288095238095238,0.5772857142857143,286.28480239865354,48.76610969281493,81.36101072839172,10.721284052935953,156.51033748813845,31.27041260721189,89.16671078479341,9.816134352393883,1,1,0,0,MTL,0,0,0,0
112,S2,15,HC,0.7083809523809526,0.6429761904761905,0.6826904761904762,0.5699047619047619,277.31379857538917,34.073892512646616,64.71326806138259,6.660378859654736,148.84861256809194,46.699419956327546,84.32557291386273,7.40913815321581,1,1,1,0,MTL,0,0,0,0
113,S2,16,HC,0.7606904761904761,0.6777619047619047,0.7264761904761905,0.6822380952380953,433.9998547323738,34.24623612175338,30.024400940375408,2.8582691654086387,207.1580192881004,19.13300439003164,40.97092134517965,3.106304263745697,1,1,1,1,MTL,1,1,1,0
114,S2,17,HC,0.5057142857142857,0.5275238095238095,0.5348571428571428,0.6749285714285714,419.6848588877114,32.053724635586875,38.70090339902007,3.4866531646066115,249.7084578953762,41.69666616611927,43.98232071442754,3.814982689276601,0,0,0,1,MTL,0,0,0,1
115,S2,23,ACC,0.5682142857142857,0.5933095238095238,0.6126666666666666,0.5854285714285714,8.151178475644015,5.217785641709653,7.520459417640016,1.7461277466557543,20.534581569312287,11.687081760276953,16.834608715410866,2.7692508236447018,0,0,1,0,Frontal,0,0,0,0
116,S2,24,ACC,0.6725,0.7562619047619048,0.5869285714285714,0.6782142857142857,313.39766123590215,68.81896096035311,80.65397217152398,7.6299154262072575,477.84841784259913,105.93473834823477,98.87356780723756,8.956024064604605,1,1,0,1,Frontal,1,0,0,0
117,S2,25,ACC,0.51,0.6212619047619048,0.5569285714285714,0.6509761904761905,23.897899627397837,16.37783731760787,22.63611247089575,3.376851780298828,21.286161435831016,20.932451968410657,20.039049917811717,3.649499240865821,0,1,0,1,Frontal,0,0,0,0
118,S2,26,MFG,0.7059523809523809,0.6586904761904762,0.6311428571428571,0.6912619047619049,22.19479416351838,13.783923715736178,26.12647484054036,4.5584932044632245,15.335407356809672,9.925695500712326,32.925370959862626,5.174017277058428,1,1,1,1,Frontal,0,0,1,1
119,S2,27,MFG,0.8069523809523811,0.6360952380952379,0.7093809523809524,0.6868095238095238,339.7480050239452,128.63246418680177,292.0462301896532,24.22840120707529,198.199846444047,169.83228584297163,352.39338250128236,27.352480666499282,1,1,1,1,Frontal,1,0,0,0
120,S2,28,MFG,0.5764047619047619,0.6972619047619049,0.6498095238095238,0.7312857142857144,164.58212999812216,84.14290719812287,169.13806066007618,25.19171665242137,210.5007813861227,106.38527177757878,216.41641191947247,30.19422526266117,0,1,1,1,Frontal,0,0,0,0
121,S2,29,MFG,0.603047619047619,0.5460714285714287,0.5928095238095239,0.7131904761904762,82.40276466832336,47.36372978293362,81.54765688323269,18.174366407657573,62.48365411183129,37.0741385944217,90.76864902760529,20.673785104542734,1,0,0,1,Frontal,0,0,0,1
122,S2,30,MFG,0.5617142857142857,0.7268095238095238,0.6876904761904762,0.7583333333333333,74.59699250715856,50.18408076627641,62.96067435129056,7.201424063275981,92.57500773330985,31.49640734671457,79.13941728809715,8.10497223286579,0,1,1,1,Frontal,0,0,0,0
123,S2,41,OFC,0.7887857142857142,0.5526190476190476,0.5736904761904762,0.6270238095238094,26.902139525045012,14.753163303487847,16.887439517971632,2.087349478516816,16.306842030784587,17.119539919160484,20.911736681745037,2.326687791852777,1,0,0,1,Olf,0,0,0,1
124,S2,42,OFC,0.6318333333333334,0.6117380952380953,0.5576666666666668,0.7495714285714286,11.675814367920616,7.42023842613517,10.316232628949457,1.065609422064449,7.671150585774468,9.401148272578755,12.188024695169602,1.2143553487688956,1,1,0,1,Olf,0,0,0,0
125,S2,43,OFC,0.6138095238095238,0.5621666666666668,0.736,0.678047619047619,27.231955112095534,17.962544665294086,22.838305540679922,2.633087156600808,19.082597230570627,14.085268636778883,31.589585552273412,3.1142948033994866,1,0,1,1,Olf,1,0,1,1
126,S2,44,OFC,0.5221428571428571,0.5537857142857143,0.8115714285714286,0.7941904761904762,109.58192276743151,82.39083754904595,129.4564056637013,13.922084494367695,125.95562177229252,92.76673067957566,180.0051012074646,17.544157410722686,0,0,1,1,Olf,0,0,1,1
127,S2,45,OFC,0.7498571428571429,0.5685952380952382,0.678547619047619,0.7457380952380952,140.63883712461384,49.18527156515914,60.85655781505332,10.472073652687355,75.20591395793805,56.047329723933274,75.57985632595091,12.146213671239275,1,0,1,1,Olf,0,0,0,1
128,S2,46,OFC,0.6836904761904762,0.5819285714285714,0.6481904761904762,0.6449047619047619,77.88269659719658,35.89210076564846,66.84924818286068,13.562964621573665,112.7669812219943,48.82434218764967,78.21398912421803,15.44101175825403,1,0,1,1,Olf,1,0,1,0
129,S2,47,OFC,0.5006666666666668,0.7523333333333333,0.7240476190476189,0.7552142857142857,53.89607333801276,34.700384989377305,59.982446294157846,11.118604948467839,59.310694088303,22.423161876062974,44.79183362060858,13.245655137626107,0,1,1,1,Olf,0,1,1,0
130,S2,48,IFG,0.6279761904761904,0.6201666666666668,0.6268571428571429,0.7871904761904761,62.948216780253105,43.620884925865106,59.58515452867563,7.7548101186587965,48.96443019928428,33.077616607759786,73.459214299763,9.476244056043287,1,1,1,1,Frontal,0,0,1,0
131,S2,49,IFG,0.5386428571428572,0.7031666666666666,0.5636428571428571,0.7906428571428572,246.5607603956657,187.58452463226,164.38103643211969,13.513781460199619,291.4932380564556,104.40643278272651,183.09784638859082,17.528073974697055,0,1,0,1,Frontal,0,0,0,1
132,S2,50,IFG,0.5032857142857143,0.5339047619047619,0.6998809523809524,0.6982857142857144,58.23094776807017,28.08757089455009,41.62157322168088,3.9912411691307454,47.64041899484098,21.475949436625786,31.82383090850501,4.604150430014704,0,0,1,1,Frontal,0,0,1,1
133,S2,51,SFG,0.5921666666666667,0.5707142857142858,0.5772619047619048,0.6206190476190476,174.30870964106748,47.42121844690188,77.84297345566634,10.267751293686961,121.68878447815308,57.58589639176961,67.44735178196903,11.296209308745825,0,0,0,1,Frontal,0,0,0,0
134,S2,52,SFG,0.5726428571428572,0.5651904761904761,0.5045,0.6098809523809524,31.51311363297563,12.089271848530455,18.105182503622345,2.0051404863717504,24.992086411196645,9.988175056531436,15.896935661580674,1.8441262793762727,0,0,0,1,Frontal,0,0,0,0
135,S2,53,SFG,0.5346190476190477,0.6302142857142857,0.5357142857142858,0.6562857142857144,50.4889327893241,25.77577275374185,39.05477287797285,5.736202606931786,41.121688509212774,34.04011673045981,43.422430491614506,6.589802495456492,0,1,0,1,Frontal,0,0,0,1
136,S2,54,SFG,0.5722619047619047,0.5950714285714286,0.6409285714285714,0.7721190476190477,681.2626068134379,293.46943740180353,537.0542859633923,30.03771173547633,443.23664886625886,186.4412353890117,374.472613423547,25.836784172371804,0,0,1,1,Frontal,0,0,1,0
137,S2,55,SFG,0.6018571428571429,0.630452380952381,0.5416666666666667,0.580952380952381,655.1942584042324,331.3126509045329,784.5765152209166,43.99847940504467,445.0837358807917,197.0305909392296,991.288948763703,47.58014581950289,1,1,0,0,Frontal,0,0,0,0
138,S2,56,SFG,0.6245238095238095,0.5743095238095239,0.4996428571428572,0.6450476190476191,118.73878963010158,48.976612529290115,138.74751239149788,15.477808616107259,87.3202514970822,69.05661493823861,126.65469563006887,17.368921739456457,1,0,0,1,Frontal,0,0,0,0
139,S2,57,Ins,0.5372142857142858,0.5834285714285714,0.6107142857142859,0.6094047619047621,168.85159776440676,50.15401497988286,68.94858520362173,17.293640427059902,145.52861213381894,65.66382198035451,79.40756253465752,16.19739327126108,0,0,1,1,Olf,0,0,1,1
170,S4,0,HC,0.6383333333333333,0.6483333333333334,0.5383333333333333,0.7166666666666668,676.2137428989089,486.66382283152353,371.69910408521207,13.575100619162354,374.8156890070704,1016.2014467815004,268.317860983815,8.426110884914992,0,0,0,1,MTL,0,0,0,0
171,S4,1,HC,0.6666666666666667,0.635,0.5850000000000001,0.7216666666666667,693.9994992022048,890.8587769269761,1169.3289008316474,34.61652818781533,252.1783220370077,2382.6497929308043,722.0684514239981,22.104484625759106,0,0,0,1,MTL,0,0,0,1
172,S4,2,HC,0.5700000000000001,0.625,0.6316666666666668,0.6950000000000001,893.7434037711514,790.8865960406991,604.6534869063273,17.842384046456512,578.9161645257237,1769.720816181209,383.437257616532,8.456470550075238,0,0,0,0,MTL,0,0,0,0
173,S4,7,HC,0.725,0.7000000000000001,0.9283333333333332,0.6466666666666667,1935.2769202750344,839.6492805189986,511.39847376275907,42.87411032086346,2969.576390008631,1536.5108891764594,988.3871941819997,47.57437880166739,1,0,1,0,MTL,0,0,1,0
174,S4,8,HC,0.6016666666666667,0.6566666666666666,0.7350000000000001,0.6983333333333334,302.5453213720224,204.50018371735058,194.1939913425672,16.023467599858254,247.33787101499328,102.87600534705149,130.36687507058667,19.638242588502138,0,0,1,0,MTL,0,0,0,0
175,S4,9,HC,0.6916666666666667,0.6566666666666667,0.8233333333333333,0.7866666666666666,471.9414320962146,171.28860546868643,164.2668208273271,25.26959857332127,320.4733078362077,111.50649716150629,246.3007892665509,31.1527944358156,0,0,1,1,MTL,0,0,0,1
176,S4,14,HC,0.72,0.7483333333333333,0.8333333333333334,0.7916666666666667,329.89678432579484,210.31832509181172,392.95002557414637,17.388853335911964,126.56775530435543,115.98605745989063,153.35583385723237,13.661128203081205,1,1,1,1,MTL,0,0,1,1
177,S4,15,HC,0.7750000000000001,0.75,0.6533333333333333,0.6283333333333333,134.23470248154015,31.44276141937727,94.39324278828285,14.667548080902732,54.520005556968705,49.31023173761693,191.15622501182582,16.092566404919395,1,1,0,0,MTL,0,1,0,0
178,S4,16,HC,0.6033333333333334,0.7816666666666667,0.6683333333333333,0.6733333333333333,80.65649950607978,53.133015560503395,83.55617679534154,4.0837329865119285,120.7418440537895,19.498780472349807,39.28629566865197,3.204381188345732,0,1,0,0,MTL,0,0,0,0
179,S4,20,HC,0.755,0.6533333333333334,0.6316666666666668,0.7533333333333334,45.45275374678402,22.6531455865952,45.46413339947482,6.0202589522962855,86.35878933668438,31.176125859576,54.633406544403016,5.41099905009796,1,0,0,1,MTL,1,0,0,0
180,S4,21,HC,0.5750000000000001,0.755,0.8016666666666667,0.5716666666666665,158.2833967767263,78.81371231808797,94.97616302258557,7.074700653930267,191.68778163218738,48.40300386364403,75.79543456377995,7.628711406932022,0,1,1,0,MTL,0,0,0,0
181,S4,22,HC,0.6200000000000001,0.7683333333333333,0.735,0.7083333333333334,400.0476335263829,47.779221686439065,287.4384056878266,11.189441750627363,286.5594578727348,61.06180244280383,155.49781854718574,12.57011300921851,0,1,1,0,MTL,0,1,1,0
182,S4,23,HC,0.6333333333333335,0.7183333333333334,0.8166666666666667,0.7550000000000001,50.195203794525135,26.87104846128561,55.750712270549144,3.07939117334754,59.9598778470234,17.362711365981355,32.21517017759344,3.4612920483388283,0,1,1,1,MTL,0,0,0,0
183,S4,25,PHG,0.77,0.7566666666666667,0.6316666666666668,0.6650000000000001,110.60228773883148,36.3286145610079,18.02701997409768,3.4740172163405623,42.62286777624349,21.811588934803254,22.858181418576063,3.180909362282,1,1,0,0,MTL,0,0,0,0
184,S4,26,PHG,0.7000000000000001,0.6666666666666667,0.7266666666666668,0.6633333333333333,734.1947963286281,107.57770465880158,331.9926980397151,8.403539634744028,399.4668622107897,170.7200643437315,126.50777041971183,4.102373414272144,0,0,1,0,MTL,0,0,1,0
185,S4,27,PHG,0.7283333333333334,0.6683333333333334,0.7066666666666667,0.6583333333333334,207.3157345168066,60.378602177839156,81.81714807915316,3.9677300133119138,94.75609621574509,27.609099321365107,49.88028513033084,2.8051012284199737,1,0,0,0,MTL,0,0,0,0
186,S4,28,PHG,0.8116666666666668,0.8916666666666668,0.7033333333333334,0.7233333333333334,1199.474314546994,240.3123128588316,139.5067480814256,3.6938083382535263,357.0632698810195,71.76009083350925,61.42414237256503,4.15618941118111,1,1,0,1,MTL,0,0,0,1
187,S4,29,PHG,0.7,0.6383333333333334,0.7233333333333334,0.8733333333333334,619.1292666176715,337.1786033242968,114.27139123098007,3.9214908242195374,928.3490415429984,227.38636973284093,88.47825173957645,3.069877321556371,0,0,1,1,MTL,0,0,1,0
188,S4,32,OFC,0.8150000000000001,0.6866666666666668,0.7333333333333333,0.7916666666666667,35.30331458561752,6.852284355652219,7.183489128158599,1.4525470120544504,19.693578012579483,9.556403019598422,8.361965760093959,1.65021609009295,1,0,1,1,Olf,0,0,0,0
189,S4,33,OFC,0.5316666666666667,0.8066666666666666,0.7283333333333333,0.8133333333333332,27.76775153693437,5.590004206337398,7.128914274203438,1.615556705698086,23.330400598317127,9.88501903785084,8.761363589215987,1.9025244027898431,0,1,1,1,Olf,0,1,0,1
190,S4,34,OFC,0.7283333333333334,0.72,0.6683333333333334,0.8,7.447745792059318,6.521191776469692,7.3679816863252094,1.032090500335963,15.526091752484955,8.246711538125048,6.1435812100429255,1.1401974149146257,1,1,0,1,Olf,1,0,0,0
191,S4,35,OFC,0.8450000000000001,0.7716666666666667,0.7416666666666667,0.6733333333333335,90.01137707749659,115.54844018758276,122.32625528059107,9.95488962896636,158.6445988855216,66.85223620124258,164.44628684660358,10.65839029527494,1,1,1,0,Olf,1,0,1,0
192,S4,36,OFC,0.7833333333333333,0.7266666666666668,0.8099999999999999,0.6383333333333334,86.70474955420136,120.21330657162252,165.66526445466502,11.704493426546474,144.07888145687173,210.19186960030342,214.953173803394,13.159709558268109,1,1,1,0,Olf,1,0,0,0
193,S4,37,OFC,0.8166666666666667,0.72,0.9066666666666666,0.6900000000000001,36.613349556917896,46.85737193667202,77.18989089569895,7.966957058461142,72.29428531245644,67.53083267017516,126.98769232225835,8.89484791785066,1,1,1,0,Olf,0,0,1,0
194,S4,38,OFC,0.6966666666666667,0.7566666666666667,0.7799999999999999,0.7333333333333333,131.23432706293687,108.22096148953725,255.37045723978642,9.790721851312696,82.48099297545241,146.14440953001778,326.9555857881276,11.528895136738674,0,1,1,1,Olf,0,0,0,0
195,S4,39,OFC,0.6166666666666666,0.7716666666666667,0.9066666666666664,0.9316666666666668,52.4155622742059,85.76847364466528,65.05075070183004,6.725350741284107,36.619159428027714,34.878065415394104,143.14147636973811,5.077748421037066,0,1,1,1,Olf,0,0,0,0
196,S4,40,OFC,0.8300000000000001,0.6416666666666668,0.78,0.66,10.450540337811576,17.984848392518252,16.716349955093893,1.6048448511303053,6.394001192695546,24.716554469722425,24.331460876328034,1.711294601277633,1,0,1,0,Olf,0,0,1,0
197,S4,41,IFG,0.9116666666666668,0.8316666666666667,0.6766666666666667,0.6700000000000002,43.705920454897566,30.81301987622674,34.15934453209185,2.787989134519812,17.98101970809179,18.33918330166342,48.91323637728165,3.3000262769224067,1,1,0,0,Frontal,0,0,0,0
198,S4,42,IFG,0.94,0.8033333333333333,0.6150000000000001,0.7883333333333333,65.18428099087224,111.07887915137188,72.68890975109503,2.8297194680678683,22.00351413182747,78.2511083034134,88.533731337683,3.2233853485758663,1,1,0,1,Frontal,0,0,0,1
199,S4,43,Ins,0.6783333333333335,0.7666666666666666,0.7733333333333333,0.67,391.6405711933017,135.39963394449842,34.35544443251707,4.684624952801209,566.3862597738997,94.54863126391693,49.978679424990005,5.0841066968872335,0,1,1,0,Olf,0,1,0,0
200,S4,44,Ins,0.7366666666666667,0.7250000000000001,0.7216666666666667,0.8816666666666666,89.58418697605238,49.68192863924402,37.112824768197214,5.560193164955777,59.35121471552186,59.588586098742894,31.189416714592447,6.853398434328913,1,1,1,1,Olf,0,1,0,0
201,S4,45,Ins,0.7350000000000001,0.6633333333333334,0.6866666666666666,0.8733333333333334,115.24577333351559,56.42449029108379,39.060405611015696,6.715115920254291,77.56557141215299,82.80988179717419,35.204756719121804,8.042092654751476,1,0,0,1,Olf,0,0,0,0
202,S5,0,HC,0.5504761904761905,0.6326190476190476,0.7661904761904762,0.5519047619047619,859.3723402970389,228.0138152123121,212.52614891927098,36.20695214587264,1278.2514313109173,149.2814398054457,121.92484415550501,31.260340036894718,0,1,1,0,MTL,0,0,0,0
203,S5,1,HC,0.6785714285714286,0.5,0.7928571428571429,0.6726190476190477,331.6842151916065,154.99592649697115,386.02835435372833,52.514924146125324,547.7736123499268,147.8659440518193,229.47791620380198,43.35844233326403,1,0,1,1,MTL,0,0,0,0
204,S5,2,HC,0.6130952380952379,0.5,0.7457142857142858,0.6326190476190476,414.8791143762021,158.1088673448229,387.50235325486994,54.85713185029192,655.623723004152,128.15320333532065,250.55333218000263,46.59590054540855,1,0,1,1,MTL,0,0,0,0
205,S5,3,HC,0.5,0.5033333333333333,0.6307142857142859,0.5016666666666667,138.64927143954216,70.52335023822972,159.11529900603242,23.305710560653075,143.71266298343656,57.20741967666194,200.2528386073373,21.69042550136343,0,0,1,0,MTL,0,0,0,0
206,S5,4,PHG,0.5311904761904762,0.7295238095238095,0.7695238095238096,0.5535714285714286,64.58683300442472,30.93018285832429,82.53570340996845,8.239952597258743,83.68020052626012,17.054136571070032,51.77532988916065,7.339510253967665,0,1,1,0,MTL,0,0,0,0
207,S5,6,Ins,0.5971428571428571,0.5083333333333333,0.5,0.5523809523809524,187.41423544315842,82.30243343418167,100.74757001110257,15.144335560114017,95.65239167868064,67.0433507985599,87.4627711514411,12.712813370516749,1,0,0,0,Olf,0,0,0,0
208,S5,7,Ins,0.7021428571428572,0.6854761904761906,0.5,0.5183333333333333,85.00075482474622,73.52074266725064,104.16985868386286,9.113239572757152,144.2193430684469,39.46131975964758,94.7138889326402,9.921231641970763,1,1,0,0,Olf,1,0,0,0
209,S5,8,IFG,0.5,0.7473809523809525,0.7523809523809524,0.8949999999999999,35.89926114983456,24.413758331645997,34.214544406727384,2.731120029362084,31.82736847677691,11.146222098392586,23.349384884759523,2.138449792180569,0,1,1,1,Frontal,0,0,0,0
210,S5,9,IFG,0.5,0.5,0.795,0.9176190476190478,48.915314016669655,23.99777120894019,49.527217336413315,3.4338072533162736,50.32263067872027,22.360585339594106,31.659658418236408,2.5335722783454457,0,0,1,1,Frontal,0,0,0,0
211,S5,10,IFG,0.5183333333333334,0.7869047619047619,0.7880952380952382,0.89,148.5167250184207,51.74909807465593,190.31176444158376,5.678896496721468,198.77956630868675,31.422051605329102,116.67601911013551,4.113071147689702,0,1,1,1,Frontal,0,1,1,0
212,S5,11,OFC,0.5145238095238095,0.5,0.6614285714285715,0.7040476190476191,73.78412536262023,33.128349420207144,41.87664688691783,6.454260602789347,105.97802825716828,30.824826804852748,28.44735993571921,5.141939458830868,0,0,1,1,Olf,0,0,0,0
213,S5,12,OFC,0.5,0.6052380952380952,0.7342857142857143,0.7240476190476189,83.99478068368946,59.592248209982046,57.10251099641527,11.780304468494904,79.43903141521213,32.96429798913166,40.69296702425803,9.407264098168241,0,1,1,1,Olf,0,0,0,0
214,S5,13,OFC,0.5,0.5004761904761905,0.7352380952380952,0.5854761904761905,80.5430791158422,46.69553236529416,56.9936579005034,13.420323140054286,69.87582434616972,38.29135318708461,39.21711796980925,11.938241647222528,0,0,1,1,Olf,0,0,1,0
215,S5,14,OFC,0.54,0.5045238095238095,0.6583333333333334,0.6700000000000002,124.47330540616043,64.12572949352212,89.66524694537868,14.157406316689663,176.1643211910353,81.60344805147334,73.47680116689864,11.858671217847776,0,0,1,1,Olf,0,0,1,0
216,S5,15,OFC,0.635,0.52,0.7285714285714285,0.6569047619047619,146.57272674838998,55.56949819516436,53.67454606557139,8.632532289731643,203.94756636438998,32.07851594769803,35.990864199811,7.177733251030724,1,0,1,1,Olf,1,0,0,0
217,S5,16,MFG,0.7004761904761906,0.6573809523809524,0.5,0.7169047619047619,71.37660444048092,16.884564571542064,20.262673769387398,3.0615344366636177,118.20195128150684,24.643132900216393,20.245758225427114,2.5214052950486594,1,1,0,1,Frontal,0,1,0,0
218,S5,17,MFG,0.5038095238095239,0.5769047619047618,0.5066666666666666,0.6735714285714287,96.99152372173964,58.0874408185382,96.26923585329693,88.70611679675083,69.2041547800877,32.856898096946374,74.7448756338217,78.37478274615668,0,0,0,1,Frontal,0,0,0,0
219,S5,18,IFG,0.6671428571428573,0.5,0.7702380952380953,0.7635714285714286,13.623873477982247,7.296165315931653,9.77287647236747,4.5448567308380925,19.018171500165227,7.569635730948267,7.456098888535426,2.8878434346058546,1,0,1,1,Frontal,0,0,1,0
220,S5,19,IFG,0.5883333333333333,0.6757142857142858,0.5609523809523809,0.8154761904761905,6.647651111355428,4.621287138837562,6.106836879491829,1.2464069465408651,8.886919435147536,2.501899434457426,4.6654476822701225,0.9877867094668582,1,1,0,1,Frontal,0,0,0,1
221,S5,20,IFG,0.5,0.6490476190476191,0.6426190476190478,0.8104761904761905,69.09202218599833,29.624765258235172,24.83495628852025,3.5650441123490224,65.86995291493028,17.856653794446927,18.685805279825768,2.915759559597745,0,1,1,1,Frontal,0,0,0,0
222,S5,23,ACC,0.8700000000000001,0.5402380952380953,0.6242857142857143,0.9109523809523812,8.5158233228213,4.4853294166843005,3.6739259015622814,0.6669611410575818,18.12569869278045,2.7577887346895937,2.7143543411737587,0.5477730124413044,1,0,1,1,Frontal,0,0,0,0
223,S5,24,MFG,0.5554761904761905,0.5,0.5021428571428571,0.91,159.4273565066099,118.5304890315432,162.5507678049076,14.884270417491242,95.98071495895643,109.92276276178923,141.1422232795301,10.248903260331158,0,0,0,1,Frontal,0,0,0,0
224,S5,25,MFG,0.6292857142857142,0.5104761904761905,0.8623809523809524,0.8549999999999999,118.8020587526917,88.11601682374908,132.51599149251922,24.75236050245148,188.66918101755184,107.37801149376837,85.53265187314105,18.31889656211745,1,0,1,1,Frontal,1,0,0,1
225,S5,26,MFG,0.5,0.569047619047619,0.582857142857143,0.875,157.77360926918803,119.76514732692141,145.15766297192798,28.084858575830932,137.92309456533425,88.67442700719694,176.92101729236674,23.85289942278259,0,0,0,1,Frontal,0,0,0,0
226,S5,27,MFG,0.5,0.5266666666666666,0.6988095238095239,0.7297619047619048,107.97198808946057,55.99148764081565,88.92929841706017,14.79093947331223,73.95773630978249,43.114264479657685,61.78459378404997,12.226824985928125,0,0,1,1,Frontal,0,0,0,1
227,S5,28,ACC,0.6840476190476191,0.7135714285714285,0.5454761904761904,0.8723809523809525,17.398478370847062,8.08994760699381,7.871872908480237,1.4508683448494897,28.247981391446032,4.287618547182649,6.599374478696351,1.2265507076596758,1,1,0,1,Frontal,0,0,0,0
228,S5,29,OFC,0.5,0.6269047619047619,0.8357142857142857,0.6119047619047618,39.456787210993326,28.23926055649317,32.49542168249589,5.128543097405302,30.84974152314504,47.09338427070215,21.11201367176762,3.993264783910325,0,1,1,1,Olf,0,1,1,1
229,S5,30,OFC,0.5,0.5019047619047619,0.6828571428571429,0.5730952380952381,44.681577913281444,37.56126678909853,55.20222981765833,16.406536145234465,34.072835728878694,25.626652517887358,39.18896676818205,13.92118621111038,0,0,1,0,Olf,0,0,1,0
230,S5,31,OFC,0.6154761904761904,0.5121428571428571,0.6447619047619049,0.7326190476190477,61.311662403930704,41.291580924298145,66.33372846784286,14.036121676096652,33.848189046257055,49.6888836002821,47.16978427097639,11.207403514743936,1,0,1,1,Olf,1,0,1,1
231,S5,32,OFC,0.5957142857142858,0.5319047619047619,0.7578571428571429,0.7930952380952381,31.557456864083704,16.413636622579514,34.01360307365432,5.044419059959704,46.864877464258726,20.26420059838984,22.557420677631693,4.091814279322195,1,0,1,1,Olf,1,0,0,0
232,S5,33,OFC,0.7666666666666667,0.6399999999999999,0.7864285714285714,0.8288095238095238,45.068932718130114,65.872408073444,59.72173256618257,5.988407581508093,108.38912967795177,34.62760087688769,38.409786642568044,4.548477470407849,1,1,1,1,Olf,0,0,0,0
233,S5,34,OFC,0.6785714285714286,0.7869047619047619,0.8785714285714287,0.908095238095238,177.16348354695975,92.67804469141475,140.04638151107457,14.816743206732351,390.1603058379658,59.22824760890489,72.10910221264312,10.492436907617376,1,1,1,1,Olf,1,1,0,0
234,S5,35,IFG,0.75,0.715,0.6966666666666667,0.7083333333333333,211.89069151598125,137.73063253910522,168.9699190541583,10.893580705631843,505.19489520791427,88.73759415202099,107.9679922766256,8.490838333540502,1,1,1,1,Frontal,0,1,0,0
235,S5,36,IFG,0.8128571428571428,0.7326190476190477,0.57,0.7838095238095237,52.64579443818521,19.326300279077245,30.362030553136787,2.4956454901954936,112.41602074411293,29.756452583272534,21.830485470944303,1.8026065864718523,1,1,0,1,Frontal,0,0,0,0
236,S5,37,IFG,0.7235714285714285,0.6711904761904762,0.5,0.5535714285714286,21.84936038920705,7.753106945385497,9.913229525140075,1.3256295110525271,64.92217629124971,11.085602397729707,9.553138160117607,1.1898640583436224,1,1,0,0,Frontal,1,0,0,0
237,S5,38,ACC,0.5657142857142856,0.5721428571428573,0.5804761904761905,0.6052380952380952,286.3838904200668,124.98695478261999,78.3690122560932,8.550206807673677,432.76482299019096,83.06688314765127,51.392929884290886,7.453330782837306,0,0,0,1,Frontal,0,0,0,0
238,S5,39,OFC,0.8414285714285714,0.505,0.6919047619047619,0.8354761904761905,33.14945809912275,29.541058161236553,28.826310524412964,4.702848199130847,68.95211728443962,21.456011848709913,20.5683255482258,3.481543971303317,1,0,1,1,Olf,0,0,0,0
239,S5,40,OFC,0.7909523809523811,0.5,0.5133333333333333,0.7621428571428572,30.57743135535799,17.513419420548267,27.63208734419937,5.3314914166498415,53.831863666758316,19.232805240682712,24.031533890646127,4.20091063931944,1,0,0,1,Olf,0,0,0,0
240,S5,41,OFC,0.6333333333333334,0.5,0.5402380952380952,0.789047619047619,45.640117236327114,36.09680593186045,48.85129755133664,6.711697288982742,68.6098535638746,34.71520913266482,38.69860796095031,5.297309515669158,1,0,0,1,Olf,1,0,0,1
241,S5,42,IFG,0.6028571428571429,0.5,0.5859523809523809,0.7926190476190478,500.5463073276146,204.49248092418213,183.71224438476537,17.0449184976944,663.5488229757873,171.03953635519727,140.961049531363,12.934763659609086,1,0,1,1,Frontal,0,0,1,1
242,S5,43,IFG,0.5790476190476191,0.5,0.5719047619047618,0.6807142857142858,118.17000344150377,57.1559579126255,112.94124973431087,21.222646768397354,70.912700792575,52.84664296795905,91.17724854410605,18.81589493019916,0,0,0,1,Frontal,0,0,0,1
243,S5,44,IFG,0.6492857142857142,0.5271428571428572,0.8066666666666666,0.9364285714285716,118.04119763700304,76.82740027120423,116.3848361180602,21.32093394119253,171.2880423505319,91.2014571225936,85.56842295372897,16.6882725208513,1,0,1,1,Frontal,0,0,0,0
244,S5,45,IFG,0.5157142857142858,0.5338095238095238,0.8302380952380952,0.7854761904761904,236.16422406851711,110.5977835443418,142.63785779568875,16.992681774268476,309.5643641778736,148.66400696284282,82.31628282938574,12.480117153025713,0,0,1,1,Frontal,0,0,1,1
245,S5,46,IFG,0.6319047619047621,0.7888095238095238,0.6561904761904762,0.9176190476190476,9.878195012832911,3.4737584878546963,3.7832410481989776,0.8119972807019191,16.928943574659645,6.6768620549008295,5.34779127302073,1.0496600841948454,1,1,1,1,Frontal,0,1,1,0
246,S5,47,ACC,0.5121428571428571,0.6735714285714287,0.6895238095238095,0.8735714285714286,28.57788319968443,14.897380258889624,16.520121409425435,3.0412779940887087,37.70816238607512,24.47499445101961,21.15961268893914,2.5780343321874954,0,1,1,1,Frontal,0,0,0,0
247,S5,48,MFG,0.5,0.6726190476190477,0.5771428571428572,0.8288095238095238,8.555181097085091,7.9816519924982865,6.4889938339686895,0.9072258202425132,6.954874875113301,4.737823197854811,7.56475860083788,0.7585140809383565,0,1,0,1,Frontal,0,0,0,0
248,S5,49,MFG,0.5016666666666667,0.7935714285714286,0.7276190476190476,0.9842857142857144,20.09872877435092,17.718794849669898,26.079169511906038,4.229479179107718,23.7612288694,8.620478249280064,17.738259226617817,2.8998051245164853,0,1,1,1,Frontal,0,0,1,1
249,S5,50,MFG,0.6207142857142858,0.7873809523809523,0.5588095238095238,0.9342857142857144,81.5842020719723,60.81326828927161,87.66369053921585,15.910041503698833,112.7880182150098,35.55707528429886,70.95605300443223,12.176188181712256,1,1,0,1,Frontal,1,0,0,0
250,S5,51,MFG,0.5,0.7442857142857143,0.7090476190476189,0.7688095238095238,289.41308679043505,219.52668049402905,228.28928662174908,26.767310931314892,281.4272115028316,121.0911022266952,160.02418250861976,21.92118629317631,0,1,1,1,Frontal,0,0,0,0
251,S5,52,SFG,0.6185714285714285,0.6169047619047621,0.5819047619047618,0.7380952380952381,125.68394839174223,31.90017729833284,30.648565301253377,3.5940673876535767,191.5762853013652,42.419796081635795,25.14384396677611,2.8761178818362763,1,1,0,1,Frontal,0,0,0,0
252,S5,53,SFG,0.7466666666666667,0.6026190476190476,0.8299999999999998,0.7233333333333334,83.21728477568227,51.28155906615322,56.73734741107602,5.869115285405876,154.00807466594688,35.04487399017883,41.69554662417251,4.740921037576217,1,1,1,1,Frontal,1,1,0,1
253,S5,54,SFG,0.6857142857142857,0.5,0.5,0.7190476190476189,32.67614083933968,17.90219541149556,20.599834435858952,3.8574035485984375,58.286223794771175,17.31954280162369,18.396079805077182,3.247715663018811,1,0,0,1,Frontal,0,0,0,0
254,S5,55,SFG,0.6916666666666667,0.5,0.5992857142857142,0.8061904761904761,106.36917186910351,35.17528303826361,43.36184836908368,4.629573063527892,167.48287018551494,33.08213214906641,32.7540812367516,3.661002512040279,1,0,1,1,Frontal,0,0,0,1
255,S5,56,SFG,0.7297619047619048,0.648809523809524,0.9285714285714284,0.7776190476190475,47.02198493299439,16.059119544987034,21.562432393273973,2.262668817484709,104.84053929022134,9.272603054740117,12.068946434459784,1.9134826675453565,1,1,1,1,Frontal,0,1,1,0
256,S5,57,SFG,0.554047619047619,0.5,0.7909523809523811,0.9597619047619048,43.02582598950699,8.642318414777744,9.668042953150714,0.956465225631288,63.00827258731096,7.189922798563773,5.77429283892238,0.6694133286848566,0,0,1,1,Frontal,0,0,0,0
257,S5,58,SFG,0.509047619047619,0.5066666666666667,0.5,0.85,36.817181295545616,6.900321569982876,7.0973367851325095,0.8196883269241072,49.095832014689634,4.495790056624909,7.074215493110755,1.173256527766626,0,0,0,1,Frontal,0,0,0,0
258,S5,59,SFG,0.6619047619047621,0.6421428571428572,0.5588095238095236,0.8564285714285713,35.93607849618175,12.771780249385671,20.73485104906162,2.509892600099452,79.09162854136218,18.067941634138137,16.007405527734527,1.9722982766554484,1,1,0,1,Frontal,0,1,0,0
259,S5,60,SFG,0.5569047619047621,0.5002380952380953,0.5002380952380953,0.8088095238095239,51.35953092310317,19.40161293093844,27.58143407121373,3.9950444317744505,30.603261122374434,22.12611210206337,24.614202605672325,3.3594583494682815,0,0,0,1,Frontal,0,0,0,0
260,S5,61,SFG,0.7188095238095238,0.6133333333333333,0.6569047619047621,0.7197619047619048,420.4878013647593,122.2509955454395,204.41255871934703,19.18762190884884,941.1377108144047,162.43112042074569,147.34076895275314,16.203562867270648,1,1,1,1,Frontal,0,0,0,0
261,S5,62,MFG,0.5333333333333334,0.5,0.5204761904761905,0.8233333333333333,260.9731178380289,99.89784014692907,104.76661795389879,12.545708631688822,368.3662977889435,85.19155084670585,80.08104231007347,10.107772980010948,0,0,0,1,Frontal,0,0,0,0
262,S5,63,MFG,0.5,0.5152380952380952,0.5811904761904761,0.792142857142857,118.85693936644992,49.94278311132783,48.03405647200643,6.144355317549072,100.21076627942229,61.864873718704615,37.708053078755576,4.8279910870665566,0,0,0,1,Frontal,0,0,0,0
263,S5,64,MFG,0.6009523809523809,0.8157142857142856,0.5,0.8759523809523809,18.74670126944716,13.100824036915775,14.126542832098124,1.8602093031449616,28.472089719762877,7.405277820957254,13.286476798965635,1.451182731251392,1,1,0,1,Frontal,1,0,0,0
264,S6,0,HC,0.6666666666666667,0.6783333333333335,0.795,0.6983333333333334,453.5585663873121,43.17159307409274,101.36842159996219,8.879518059052758,238.6959218469236,69.05979470526016,72.99122747703113,9.214833967904523,0,0,1,0,MTL,0,0,1,0
265,S6,1,HC,0.8916666666666666,0.8316666666666668,0.6449999999999999,0.6816666666666668,8.669208238583165,3.320146956529792,2.889353332611704,2.0610770839386343,4.041648367341396,1.960501307879124,3.23905075741288,1.734787793218395,1,1,0,0,MTL,0,0,0,0
266,S6,8,HC,0.7716666666666667,0.7283333333333334,0.74,0.67,270.55012824963507,328.5913537605729,166.61900842059117,33.49707369922635,158.64217921259467,156.71580979013441,244.18941126603485,40.70444486337613,1,0,1,0,MTL,0,0,1,0
267,S6,9,HC,0.7133333333333335,0.6916666666666667,0.6733333333333333,0.835,605.7254668202141,135.05570176005986,90.7906595422682,9.398908100390356,225.27563142935261,88.89450389293066,81.89798870813239,7.349412848339304,0,0,0,1,MTL,0,0,0,0
268,S6,10,HC,0.6933333333333334,0.7516666666666667,0.5866666666666667,0.6483333333333334,1924.2564973403732,438.3847280618048,227.37313273696896,40.13192655409499,1231.4255382899855,248.7532314494909,247.920514746496,33.64824176939576,0,1,0,0,MTL,0,0,0,0
269,S6,11,HC,0.7333333333333333,0.7366666666666667,0.86,0.7033333333333334,96.02585299727284,102.07764612875192,367.9000001314786,49.05346464432059,139.1932155960751,58.036320639465295,242.81432624206954,42.00070165402556,0,1,1,0,MTL,0,0,0,0
270,S6,12,HC,0.6533333333333333,0.8066666666666666,0.6766666666666667,0.8633333333333333,495.9894513622367,170.72913860072677,346.5325508389155,43.8935368380073,706.8444671445282,98.38243677578623,421.2455344297554,37.701076814974506,0,1,0,1,MTL,0,0,0,0
271,S6,15,Amg,0.7316666666666667,0.725,0.785,0.8033333333333333,39.630898234140155,26.626111437825635,23.652906697074947,6.332961597010675,64.88107815634008,14.744428514566145,15.127551208975127,4.408691399429533,0,0,1,1,Olf,0,0,0,0
272,S6,16,Amg,0.6900000000000001,0.8016666666666667,0.8383333333333333,0.7366666666666667,16.83315436287649,23.10931939239111,13.455611908261895,6.343769214180889,24.36723036153667,16.025519214598408,10.278628467828069,4.842797984279116,0,1,1,1,Olf,0,0,0,0
273,S6,17,Amg,0.9083333333333334,0.6933333333333335,0.7233333333333334,0.82,34.85439948992787,24.578478583611034,9.572641566689429,3.4977804372664862,12.590484576741693,9.153104326753052,7.2181144751427535,2.9981250267632436,1,0,0,1,Olf,0,0,0,0
274,S6,22,Ins,0.8316666666666668,0.795,0.7733333333333333,0.7750000000000001,262.28375091585144,164.90710391339624,4014.821243401675,89.95813663892689,409.7538435175573,103.4671712265248,2586.325447232143,52.160020851203726,1,1,1,1,Olf,1,1,1,1
275,S6,23,IFG,0.6766666666666667,0.6783333333333333,0.765,0.8150000000000001,136.83751160729477,53.24490967015174,1380.4718111443524,45.98717044037957,87.90796884624163,67.88101118386598,996.2306282558127,37.45710653634266,0,0,1,1,Frontal,0,0,0,1
276,S6,24,IFG,0.7883333333333333,0.785,0.7433333333333334,0.6716666666666667,43.27814520191667,37.03086672158026,528.9052798121895,12.968956773376439,23.273822097443272,19.5787637484248,303.9762309673292,11.781222258467336,1,1,1,0,Frontal,0,1,0,0
277,S6,25,IFG,0.6433333333333333,0.6433333333333334,0.7966666666666666,0.8233333333333333,17.516247059402946,18.91492530457088,189.90662744794247,5.057852196724667,14.210567299073539,17.107380330101062,115.79027615549448,6.034412608540357,0,0,1,1,Frontal,0,0,0,0
278,S6,26,IFG,0.7466666666666667,0.6516666666666667,0.8150000000000001,0.7350000000000001,36.45480300196757,47.47624630019846,233.5416843748084,11.756545139728106,21.121106513341427,43.50834097552593,124.1371000478552,7.347392664199705,1,0,1,1,Frontal,0,0,0,0
279,S6,27,SFG,0.6783333333333335,0.7316666666666667,0.6166666666666668,0.6900000000000001,60.559008689038784,25.469420017453672,48.76841180114202,6.5456137758332265,39.81831944912078,32.69715328320188,53.86342713149503,7.452808010032584,0,0,0,0,Frontal,0,0,0,0
280,S6,28,MFG,0.7600000000000001,0.7833333333333333,0.7683333333333333,0.6666666666666667,85.80946955543351,64.82497734198189,277.5162315419056,34.22526754072482,125.81449453134528,84.1249591108375,196.92551996797008,30.410947301555325,1,1,1,0,Frontal,0,0,1,0
281,S6,29,MFG,0.6433333333333333,0.7300000000000001,0.865,0.5516666666666666,265.44733891729993,230.91673427985668,485.03306577531663,46.618336630673205,334.6111835414367,183.0400926137564,326.81964873279844,49.1511084197997,0,0,1,0,Frontal,0,0,1,0
282,S6,31,pPirT,0.7083333333333333,0.7550000000000001,0.6366666666666667,0.85,35.06092258356917,25.02461438100061,29.01113058486412,5.262659722398553,24.497100673764677,17.938548707574448,33.9677442115484,3.933340883847712,0,1,0,1,Olf,0,0,0,0
283,S6,32,ACC,0.8183333333333334,0.6183333333333334,0.7283333333333333,0.6566666666666667,108.96406300436428,63.83170659027747,78.89143825410355,9.954267439850655,47.278314340774614,53.89052401911057,58.45979929792007,9.34505904946131,1,0,0,0,Frontal,0,0,0,0
284,S6,33,MFG,0.7300000000000001,0.9483333333333333,0.7716666666666667,0.7683333333333333,27.512965952062626,25.377707158662442,31.099619328061515,14.579453761706915,40.422229717887774,14.154924297061052,42.3589822631137,16.09391550038427,0,1,1,1,Frontal,0,0,0,1
285,S6,34,MFG,0.6916666666666667,0.7716666666666667,0.9033333333333332,0.6916666666666667,156.02658403598784,120.53407383482948,344.5387923433748,60.01125422901821,119.68225964545135,79.35978356467484,233.7868890440445,66.36502547898095,0,1,1,0,Frontal,0,0,0,0
286,S6,35,MFG,0.74,0.7716666666666667,0.9533333333333334,0.6333333333333333,605.788851091479,220.53856090568647,587.1310346823825,80.37651301481813,386.77805932078604,171.86182363092087,345.7744096769265,76.8700218840322,1,1,1,0,Frontal,0,0,0,0
287,S6,36,MFG,0.7816666666666667,0.795,0.7516666666666667,0.8200000000000001,261.72467444835,228.70518212781545,264.4182233526953,36.51415271545716,193.05711855881046,150.25083793705696,201.54703006136188,43.62575294673916,1,1,1,1,Frontal,0,0,0,1
288,S6,37,MFG,0.7316666666666666,0.8800000000000001,0.8116666666666668,0.6783333333333335,48.97405037912819,50.6430966044672,94.81027864080704,14.023891855790481,84.60566661889399,27.18026580090785,73.03736959935405,12.39434554866523,0,1,1,0,Frontal,0,1,0,0
289,S6,38,MFG,0.7416666666666667,0.7216666666666667,0.8283333333333334,0.7183333333333335,28.42883819883131,21.83543846130033,45.8925457066179,7.76878039666876,17.278959877268296,30.047981486226593,38.31364660687503,6.975563108725798,1,0,1,0,Frontal,0,0,0,0
290,S6,39,ACC,0.685,0.77,0.735,0.635,223.7000137773968,59.577434322198755,66.46356762703938,8.534473756329918,291.05033196854265,92.66505132788359,77.40781734884526,7.9925165597660355,0,1,1,0,Frontal,0,1,1,0
291,S6,40,IFG,0.755,0.6700000000000002,0.7933333333333333,0.6433333333333333,54.87149611113944,113.86243204777323,189.81308260409318,26.18167943999759,92.393656569864,85.44269104324593,265.53498316989305,27.37273096391221,1,0,1,0,Frontal,0,0,1,0
292,S6,41,IFG,0.7716666666666666,0.8,0.8133333333333332,0.7699999999999999,73.00536753585244,123.24859410366669,174.6612476179612,15.939746062248053,130.4522339030548,61.71135226207871,218.8886896458696,14.493546395266767,1,1,1,1,Frontal,0,0,0,0
293,S6,42,IFG,0.6250000000000002,0.6483333333333334,0.8033333333333333,0.7616666666666666,15.24079355155667,12.638682905283892,26.02713027948611,3.506883988379907,10.633657018360474,8.773338895159144,33.17155692453134,3.1799267160300966,0,0,1,1,Frontal,0,0,0,0
294,S6,53,OFC,0.7533333333333333,0.8583333333333334,0.8333333333333333,0.7033333333333334,59.8394561321908,39.051049912268795,55.28047646950832,7.657776643641558,39.18265387996158,23.39006214478111,96.53553284643844,6.564946408223968,1,1,1,0,Olf,0,0,1,0
295,S6,54,OFC,0.6866666666666668,0.76,0.7783333333333332,0.7883333333333333,38.61771568517712,46.05752786983092,67.23756129788413,5.496039419064496,54.18984056012101,27.52232653539497,102.35532378158042,6.520301509796997,0,1,1,1,Olf,0,0,1,0
296,S6,55,OFC,0.7516666666666667,0.76,0.8,0.68,32.983614083827035,18.827626620916973,44.6841044641377,4.699511216359839,27.91433207091205,13.751844268345792,85.54173414103639,4.95749118076738,1,1,1,0,Olf,0,0,1,0
297,S6,56,OFC,0.77,0.6966666666666667,0.7349999999999999,0.6833333333333333,8.148245222653713,9.253083299367324,29.62360438900669,3.6175623474698697,15.236544748975987,6.349663452260034,21.264589871644045,3.1450377846433586,1,0,1,0,Olf,1,0,1,0
298,S6,57,OFC,0.705,0.5816666666666667,0.8166666666666667,0.6483333333333334,9.87190562392176,4.6945925777850634,18.901595294300197,2.6557305134907745,7.948351077605616,5.497772253068285,12.932504248933116,2.441731103646485,0,0,1,0,Olf,0,0,1,0
299,S6,58,OFC,0.615,0.6783333333333335,0.7616666666666666,0.8416666666666668,6.630757442918878,4.7041272850813565,19.29510295169006,3.020786674852101,5.0901947031964925,6.481867336160289,12.191540615932816,3.800437995072035,0,0,1,1,Olf,0,0,1,1
300,S6,59,OFC,0.72,0.7733333333333332,0.645,0.89,13.931953953747726,4.6904838018710855,17.546378337256698,4.597329594705488,8.017475231801095,6.496172325113393,16.24529320373149,3.692404114005532,0,1,0,1,Olf,0,1,0,0
301,S6,60,OFC,0.6950000000000001,0.8583333333333334,0.7516666666666667,0.8716666666666667,21.020129048533803,17.474589216555366,32.61590827264064,6.353162433211901,13.898629465840516,11.106372839913575,25.33500982944085,5.132476610161292,0,1,1,1,Olf,0,0,1,0
302,S6,61,IFG,0.7566666666666666,0.8549999999999999,0.7716666666666667,0.7266666666666667,68.79740092671086,19.08257442354505,75.92894566861251,11.797455747057985,36.19734090846021,52.4835762431361,60.843790569006316,10.289340289225855,1,1,1,0,Frontal,0,0,0,0
303,S6,62,IFG,0.7983333333333333,0.7916666666666666,0.8983333333333334,0.6816666666666666,13.93119564217317,12.741410286322644,29.308834899146465,4.241794997242431,9.020387277869828,7.187810102485645,21.10070255227191,3.9681004058770073,1,1,1,0,Frontal,0,0,0,0
304,S6,63,OFC,0.6666666666666667,0.705,0.8583333333333334,0.7983333333333333,156.68951417098498,98.53831458891686,119.68421447379164,15.586392597945938,109.01715666707744,124.783071002461,90.56269318301972,13.764528459951586,0,0,1,1,Olf,0,0,0,1
305,S6,64,OFC,0.7566666666666667,0.6966666666666667,0.8233333333333335,0.72,31.543146369906502,20.443177895674726,33.6868432198738,5.689594947992145,45.19799311476779,24.329420976264363,24.973716864345068,5.305695742990834,1,0,1,0,Olf,0,0,1,0
306,S6,65,OFC,0.785,0.65,0.7216666666666668,0.7350000000000001,53.341698161319144,38.645037881864425,91.37497317860851,50.47508801236857,28.34824772551372,29.116679977446577,85.26246991459341,28.12639415841976,1,0,0,1,Olf,0,0,0,0
307,S6,66,OFC,0.5733333333333335,0.5883333333333333,0.7366666666666667,0.7150000000000001,33.72953250830049,28.289276090822696,58.72874023246911,19.839253642336235,38.21975192803551,21.87249584668991,83.03010062172582,13.171977268562234,0,0,1,0,Olf,0,0,1,0
308,S6,67,OFC,0.7383333333333334,0.7433333333333334,0.7183333333333334,0.8616666666666667,120.71912249491469,73.40150367192558,130.02328096511079,15.045614714198964,85.30905295920407,56.41777210822504,114.50125333845571,12.720139720293894,1,1,0,1,Olf,0,1,0,0
309,S6,68,OFC,0.6883333333333334,0.6233333333333333,0.6683333333333333,0.7316666666666667,128.75877424806708,96.93092310130078,158.11472324246571,53.606943168675365,191.6535986010413,87.11581063026917,136.12135335425708,35.940365719210085,0,0,0,0,Olf,0,0,0,0
310,S6,69,OFC,0.77,0.7466666666666667,0.645,0.9116666666666668,282.83180475503553,105.08972320719757,314.51776895263316,40.98544001632378,193.3617015862476,139.40977842067343,272.34593771868253,53.985547140641394,1,1,0,1,Olf,0,1,0,1
311,S6,70,IFG,0.7233333333333333,0.655,0.7466666666666667,0.6283333333333333,78.43287475460363,68.42584793873074,178.11065493159668,16.00783021552971,95.65206456315492,48.25959836029589,133.71788418346887,14.009111834545925,0,0,1,0,Frontal,0,0,1,0
